"Title","Execution time"
"Value","Series Label","Build Number","Build Date","URL"
"5.933193","Simulated time","100","1645781942254",""
"1.361125","Wall time","100","1645781942254",""
"5.936615","Simulated time","101","1645782062252",""
"1.358021","Wall time","101","1645782062252",""
"64.422218","Simulated time","102","1645782182250",""
"14.355170","Wall time","102","1645782182250",""
"6.028299","Simulated time","103","1645782302308",""
"1.358265","Wall time","103","1645782302308",""
"19.622332","Simulated time","104","1645782422251",""
"13.485397","Wall time","104","1645782422251",""
"67.725107","Simulated time","105","1645782542249",""
"14.362027","Wall time","105","1645782542249",""
"68.325972","Simulated time","106","1645782662250",""
"14.361624","Wall time","106","1645782662250",""
"21.027339","Simulated time","107","1645782782249",""
"13.580168","Wall time","107","1645782782249",""
"6.030644","Simulated time","108","1645782902250",""
"1.361692","Wall time","108","1645782902250",""
"67.334800","Simulated time","109","1645783022256",""
"14.358204","Wall time","109","1645783022256",""
